OS,UF,TipoServico,DiasAberto
OS9873085197,AP,Instalacao,2
OS5560490250,RJ,Informatica,1
OS4107464486,ES,Manutencao,2
OS4745956297,GO,Manutencao,7
OS0671550271,ES,Manutencao,2
OS3001818687,MS,Manutencao,1
OS5944620831,RS,Instalacao,5
OS8407094602,RS,Telefonia,5
OS6620771686,PB,Informatica,1
OS5738215542,MS,Manutencao,3
OS9170640387,PR,Informatica,3
OS2288618876,SP,Telefonia,6
OS2151676793,AM,Manutencao,1
OS4179056219,SC,Manutencao,1
OS1905843082,PB,Informatica,1
OS9168314190,PA,Instalacao,6
OS6663478375,MA,Instalacao,0
OS0574980633,PB,Informatica,4
OS0602567047,AP,Manutencao,0
OS1675068632,GO,Telefonia,2
OS3946603644,PE,Telefonia,0
OS2925334369,ES,Manutencao,4
OS1104600529,RJ,Telefonia,4
OS5286046446,SP,Instalacao,4
OS1837094623,SP,Telefonia,4
OS7823076259,AC,Manutencao,2
OS5918854673,RN,Informatica,1
OS6106316016,PE,Manutencao,0
OS7897304733,RO,Instalacao,3
OS3829621351,TO,Informatica,2
OS5837908189,PI,Instalacao,2
OS9344848100,PE,Informatica,6
OS9317754404,PR,Informatica,4
OS9101029600,MT,Instalacao,2
OS5534793753,SE,Instalacao,6
OS1537861626,SC,Manutencao,4
OS7853857495,MT,Manutencao,2
OS8936673330,RS,Manutencao,8
OS1495299208,TO,Informatica,1
OS9544940047,GO,Telefonia,1
OS4178065161,MT,Informatica,5
OS7355930744,SC,Telefonia,4
OS9879959670,SC,Informatica,4
OS1114283321,RR,Instalacao,2
OS5922450832,PB,Telefonia,4
OS3511899535,PB,Instalacao,3
OS0570819505,AP,Instalacao,5
OS1802600577,SC,Informatica,4
OS4822298939,PI,Manutencao,2
OS9718178179,RO,Telefonia,0
OS6445046705,SP,Manutencao,4
OS3371080759,RJ,Telefonia,1
OS6812721903,PB,Manutencao,0
OS0329619997,MG,Informatica,5
OS9478710266,TO,Instalacao,7
OS2006031454,AM,Manutencao,4
OS7570237250,BA,Informatica,0
OS7609157843,AL,Instalacao,2
OS2606603914,SE,Instalacao,5
OS5801694045,SE,Instalacao,7
OS7997643503,CE,Manutencao,3
OS3835823160,PB,Instalacao,1
OS5613339812,MT,Instalacao,4
OS8540503467,MS,Instalacao,2
OS2877861843,SC,Telefonia,0
OS4309516755,MA,Telefonia,3
OS4191296755,MG,Manutencao,1
OS7390730362,DF,Informatica,1
OS8529309166,AM,Instalacao,5
OS5319828651,CE,Instalacao,9
OS1911337431,ES,Telefonia,0
OS8026424470,PA,Manutencao,4
OS3764146468,AL,Manutencao,3
OS1051023799,AP,Manutencao,3
OS5751099003,BA,Telefonia,3
OS6062751376,SC,Manutencao,4
OS8826542691,PR,Instalacao,3
OS2565132623,RO,Informatica,1
OS2924551086,PE,Instalacao,1
OS9298705123,DF,Telefonia,4
OS0486189722,RO,Telefonia,2
OS4737093493,RN,Informatica,3
OS5799500301,ES,Instalacao,5
OS6270996684,RJ,Manutencao,4
OS6588125034,CE,Manutencao,3
OS2090428008,SC,Informatica,2
OS3573338822,PR,Instalacao,2
OS8526700844,MG,Informatica,0
OS7348170428,MS,Telefonia,4
OS9816831831,PR,Manutencao,5
OS6768299039,ES,Instalacao,2
OS9018411980,PE,Telefonia,2
OS5385842762,GO,Telefonia,2
OS1298765707,PI,Instalacao,1
OS3929991478,SE,Instalacao,2
OS6225757016,SE,Instalacao,1
OS6154929118,AM,Instalacao,7
OS3222168534,AC,Instalacao,4
OS2186449299,PB,Telefonia,1
OS5652432067,MS,Telefonia,1
OS3954117310,MT,Telefonia,1
OS6875008182,TO,Instalacao,3
OS7813121789,AL,Telefonia,3
OS8382944552,AC,Telefonia,3
OS8225428879,PA,Informatica,7
OS5654852724,RN,Informatica,2
OS5354556888,RS,Manutencao,4
OS4947083924,DF,Informatica,0
OS2589667925,RN,Manutencao,2
OS4281011455,AP,Manutencao,1
OS5484536515,RO,Instalacao,1
OS0876193736,MG,Instalacao,4
OS1190643760,SP,Telefonia,6
OS7391936332,MG,Informatica,1
OS2364832319,ES,Instalacao,3
OS4723199085,RJ,Telefonia,5
OS7573457632,TO,Informatica,3
OS3393842040,PE,Telefonia,5
OS6688094525,SP,Informatica,3
OS6911643996,PI,Telefonia,1
OS9849102696,ES,Instalacao,1
OS1143607720,PE,Informatica,9
OS7662129861,RN,Informatica,1
OS9833562986,AL,Instalacao,1
OS5403758692,MA,Telefonia,2
OS5902550045,ES,Telefonia,1
OS2547253650,AL,Manutencao,3
OS9146072686,AL,Informatica,4
OS9125789536,SC,Informatica,4
OS3442160628,RO,Instalacao,5
OS3896176575,AM,Telefonia,4
OS5847611914,MT,Instalacao,4
OS4357507490,BA,Instalacao,2
OS6645576709,PI,Manutencao,4
OS9486341597,TO,Telefonia,7
OS9848688934,TO,Informatica,6
OS7365863199,AL,Manutencao,2
OS2042382363,RO,Telefonia,2
OS0588135582,DF,Instalacao,0
OS6633047054,AM,Instalacao,3
OS5818228070,RJ,Informatica,2
OS8633787054,AP,Telefonia,0
OS2160640737,PI,Telefonia,1
OS8531845635,AM,Manutencao,3
OS4406333836,RN,Instalacao,1
OS1079818105,SE,Informatica,6
OS3855402392,PR,Telefonia,2
OS4128752307,MA,Manutencao,3
OS1594935243,PB,Instalacao,2
OS2913480381,RO,Manutencao,1
OS2925999602,SE,Instalacao,4
OS7538914964,RS,Manutencao,4
OS3050563950,MS,Instalacao,7
OS0456748734,BA,Informatica,2
OS5691778868,PB,Telefonia,1
OS3759745675,MT,Manutencao,4
OS0931727429,RJ,Informatica,2
OS1411477885,RS,Instalacao,2
OS7360005685,TO,Informatica,1
OS0393847107,AP,Manutencao,4
OS0570309521,RR,Manutencao,1
OS8177142950,BA,Informatica,1
OS4128568030,SP,Manutencao,0
OS8755959703,RR,Manutencao,3
OS8013205905,SP,Informatica,7
OS8527381435,AM,Informatica,5
OS8654468597,PA,Informatica,6
OS1095542836,RN,Informatica,2
OS1818650524,PI,Informatica,0
OS9578368738,SP,Telefonia,3
OS5750556425,ES,Informatica,1
OS4383893867,DF,Telefonia,2
OS6229272653,PE,Telefonia,1
OS1936937480,ES,Informatica,1
OS6425649701,SP,Manutencao,0
OS0087286917,AM,Telefonia,2
OS4579990463,AL,Manutencao,1
OS6852869364,CE,Telefonia,3
OS9882867705,AC,Manutencao,1
OS3876226183,RN,Instalacao,4
OS4158663567,CE,Telefonia,5
OS3774955977,RO,Informatica,1
OS5444959291,RJ,Telefonia,1
OS3816790004,SC,Instalacao,3
OS9227021145,AP,Telefonia,1
OS5426535951,PA,Manutencao,0
OS3444895434,MS,Manutencao,5
OS8400511282,RR,Telefonia,2
OS4638063146,MA,Instalacao,6
OS9234208021,AL,Telefonia,1
OS1697965482,SC,Informatica,1
OS2990948127,PB,Informatica,2
OS0421306577,PR,Telefonia,3
OS0742473392,MS,Telefonia,4
OS4896926823,RJ,Manutencao,1
OS1005015670,SP,Manutencao,1
OS4875864670,CE,Instalacao,1
OS4551658459,PB,Instalacao,7
OS5619788762,PR,Telefonia,1
OS0152408444,AM,Instalacao,4
OS3719248319,AP,Instalacao,1
OS4042181352,SE,Informatica,3
OS9640135002,PE,Instalacao,1
OS3456781545,RO,Telefonia,1
OS0055726545,AM,Manutencao,3
OS1779623083,SE,Manutencao,3
OS8742108948,AP,Telefonia,2
OS2985288769,BA,Telefonia,3
OS0041287353,TO,Informatica,0
OS2269814200,DF,Manutencao,5
OS5903356794,SC,Telefonia,2
OS4839968916,RR,Instalacao,5
OS6347293700,AM,Informatica,4
OS3234285308,MG,Telefonia,1
OS6437504910,RR,Telefonia,0
OS5613716011,PE,Informatica,3
OS5204937301,AL,Instalacao,1
OS2656593547,AM,Manutencao,4
OS3865862951,AP,Manutencao,3
OS7752996824,ES,Telefonia,4
OS3180183799,RO,Manutencao,1
OS9312500641,MT,Manutencao,0
OS7256767219,RO,Instalacao,4
OS6885026094,RR,Informatica,4
OS4674311018,RR,Manutencao,3
OS9261302747,TO,Manutencao,0
OS3807996399,SC,Telefonia,1
OS2422143928,PB,Manutencao,0
OS1135351413,PR,Telefonia,1
OS2453801825,SE,Telefonia,2
OS9425211580,GO,Telefonia,3
OS0074456155,RR,Telefonia,4
OS9067516177,PA,Manutencao,0
OS4336007352,MT,Manutencao,4
OS7709771841,TO,Manutencao,5
OS9831222260,MA,Telefonia,7
OS6316746420,PB,Telefonia,4
OS3122384655,AC,Instalacao,2
OS2026396992,SP,Manutencao,3
OS9367837166,DF,Instalacao,2
OS0050770163,AP,Instalacao,2
OS5458370277,BA,Informatica,4
OS9029988647,TO,Instalacao,3
OS9120107660,TO,Instalacao,0
OS0785104690,PB,Informatica,4
OS1122854703,AC,Manutencao,1
OS2003881077,RO,Instalacao,1
OS0719878417,MG,Manutencao,3
OS8779797210,RO,Instalacao,1
OS7304891229,TO,Manutencao,0
OS2576047825,RR,Informatica,3
OS9902105070,MT,Informatica,3
OS3408212010,RJ,Instalacao,0
OS8602987278,ES,Instalacao,4
OS4982779746,AM,Telefonia,5
OS7392074935,MT,Informatica,8
OS5020711452,PI,Instalacao,0
OS8298807488,AC,Telefonia,3
OS8448666833,ES,Manutencao,3
OS3953704841,AC,Manutencao,4
OS3445646482,RN,Instalacao,0
OS3857097183,AL,Manutencao,2
OS8783014189,CE,Instalacao,2
OS0165070550,PI,Informatica,4
OS0938928152,DF,Manutencao,4
OS5171120016,AL,Informatica,1
OS1527812134,RS,Telefonia,4
OS5668399111,BA,Manutencao,0
OS5866016422,DF,Instalacao,0
OS1845264138,RO,Telefonia,4
OS2816859032,RS,Manutencao,4
OS0030194890,RJ,Informatica,0
OS1556551727,SP,Telefonia,2
OS9390454007,RN,Instalacao,1
OS5693758502,RS,Manutencao,2
OS6800680890,MA,Telefonia,2
OS7558005715,AM,Instalacao,2
OS9181113608,RO,Instalacao,1
OS1580842474,PR,Instalacao,1
OS2090714787,PA,Informatica,1
OS5146037051,RO,Instalacao,7
OS1210890745,RS,Telefonia,1
OS5129947625,AL,Informatica,0
OS8502248584,BA,Manutencao,5
OS6646412264,RN,Instalacao,1
OS1674869683,RN,Informatica,7
OS2149656311,TO,Manutencao,3
OS7604252356,PI,Telefonia,2
OS7717264721,PA,Informatica,2
OS2612721158,MT,Informatica,3
OS4477641258,PA,Manutencao,2
OS6629806401,TO,Instalacao,1
OS0769361669,MT,Informatica,1
OS1958855914,PI,Telefonia,1
OS7076551966,RS,Manutencao,1
OS7084752148,PE,Informatica,1
OS9519075428,RR,Instalacao,7
OS5194693367,BA,Manutencao,1
OS2189748013,SP,Instalacao,6
OS6684275288,MA,Manutencao,4
OS7524158715,RS,Informatica,0
OS2554841949,SC,Informatica,0
OS2314369651,RS,Instalacao,5
OS4830188923,ES,Instalacao,5
OS3995808563,PI,Instalacao,4
OS7952896137,AC,Manutencao,4
OS7844907174,MS,Telefonia,6
OS1790351469,RS,Telefonia,2
OS4088639643,MT,Informatica,1
OS7267857863,AC,Instalacao,2
OS8527297023,RJ,Telefonia,2
OS6674153477,SP,Instalacao,0
OS9698843107,RO,Informatica,3
OS1577356602,ES,Informatica,3
OS9362428951,ES,Instalacao,3
OS5557218814,AM,Telefonia,7
OS2714616007,RO,Manutencao,10
OS7278146426,RJ,Informatica,4
OS5639576650,CE,Manutencao,4
OS7942477892,AC,Telefonia,4
OS9375087853,MS,Informatica,1
OS6045709022,BA,Manutencao,3
OS3738501459,PB,Instalacao,1
OS9542995341,AC,Instalacao,1
OS3231971046,TO,Informatica,0
OS6469759050,MS,Instalacao,0
OS8717588518,RS,Instalacao,7
OS5268497290,PI,Instalacao,3
OS2261568369,MS,Instalacao,0
OS0937953681,SE,Instalacao,1
OS2362523946,SC,Instalacao,6
OS6487690679,MA,Manutencao,2
OS1172339651,AM,Telefonia,3
OS6646561468,MG,Telefonia,8
OS3213438809,BA,Manutencao,5
OS4996297325,RR,Manutencao,4
OS3320427037,SP,Telefonia,2
OS3169441880,AL,Manutencao,1
OS7031666210,ES,Informatica,2
OS2771256793,SE,Telefonia,9
OS6304735677,PB,Instalacao,2
OS0268150506,MT,Informatica,0
OS4115639681,PB,Instalacao,1
OS9656733094,SC,Informatica,3
OS9180689981,PR,Telefonia,5
OS4126951096,RS,Informatica,5
OS7967651650,PR,Manutencao,5
OS1553502110,PE,Manutencao,4
OS6139279257,MS,Telefonia,1
OS0080340023,AP,Instalacao,0
OS3148390083,PA,Instalacao,4
OS2510187378,AC,Telefonia,2
OS6186131236,RO,Informatica,1
OS7177929639,BA,Manutencao,2
OS8006233665,MT,Instalacao,5
OS8845264096,PE,Instalacao,1
OS7266448052,SP,Instalacao,1
OS7094038044,ES,Instalacao,0
OS3029720447,ES,Manutencao,1
OS1630110657,BA,Telefonia,3
OS2226090437,CE,Manutencao,1
OS9403802303,PR,Telefonia,5
OS5118005265,ES,Manutencao,4
OS1563227508,MG,Manutencao,6
OS7323303976,RO,Instalacao,1
OS0070043514,AC,Informatica,0
OS2421399653,GO,Informatica,6
OS0115787484,SC,Telefonia,1
OS6713439206,PA,Telefonia,0
OS2806601336,MT,Manutencao,0
OS2808164488,TO,Informatica,5
OS6071387074,AL,Instalacao,4
OS1953534858,SP,Informatica,1
OS8521031220,MA,Instalacao,3
OS3947345104,AP,Instalacao,3
OS9491513394,SC,Telefonia,0
OS0485501265,CE,Manutencao,2
OS0828136632,SC,Informatica,1
OS4887784729,SC,Manutencao,2
OS0892587507,BA,Informatica,4
OS9679069053,RN,Manutencao,4
OS4081837639,PE,Telefonia,2
OS8009894588,PI,Telefonia,1
OS8885956239,GO,Manutencao,1
OS2432356449,MA,Telefonia,7
OS9974822112,PA,Manutencao,4
OS2098791489,TO,Manutencao,2
OS3185082743,AP,Telefonia,2
OS9740830906,RS,Manutencao,5
OS2608374348,BA,Instalacao,5
OS7735378650,SE,Manutencao,1
OS4300850750,MT,Informatica,6
OS5899844581,PE,Telefonia,7
OS4663960626,MS,Instalacao,0
OS5710044617,PB,Telefonia,4
OS2856412832,PE,Manutencao,2
OS2444223519,TO,Instalacao,2
OS8422661068,RR,Informatica,0
OS1994621557,SE,Instalacao,1
OS5014728468,SP,Telefonia,4
OS5194989576,PB,Instalacao,2
OS1895230161,PE,Manutencao,1
OS3795906268,RR,Telefonia,1
OS4304254125,RO,Instalacao,2
OS5955265014,BA,Instalacao,0
OS2295861284,DF,Telefonia,5
OS7906968024,ES,Manutencao,0
OS9952737045,PI,Instalacao,8
OS2219871829,MS,Telefonia,7
OS2757960466,SC,Telefonia,1
OS8498756678,PI,Instalacao,1
OS3272540127,DF,Manutencao,2
OS4961318671,GO,Telefonia,7
OS8311383224,MS,Telefonia,5
OS5543989315,MG,Manutencao,1
OS9185699426,CE,Informatica,5
OS1886775729,MS,Telefonia,7
OS2337484407,PI,Instalacao,1
OS9474858934,RS,Manutencao,0
OS3703969997,GO,Informatica,0
OS4722950640,RN,Instalacao,3
OS4048606512,PB,Telefonia,6
OS5948690133,PB,Instalacao,2
OS6405515705,ES,Informatica,2
OS5489638956,SC,Manutencao,1
OS4718538310,AM,Instalacao,1
OS2879456442,AM,Telefonia,2
OS2131136256,PB,Instalacao,4
OS3657204140,AL,Instalacao,1
OS0408235208,MG,Instalacao,2
OS7141860715,PA,Manutencao,1
OS6884118411,GO,Informatica,2
OS1127111303,DF,Telefonia,0
OS3059004154,SE,Informatica,1
OS4918163259,PE,Manutencao,2
OS6022105153,PB,Instalacao,3
OS5013299478,MA,Telefonia,1
OS0867991019,RO,Telefonia,1
OS7233157985,PE,Informatica,0
OS3577377932,AP,Manutencao,1
OS0069599972,DF,Instalacao,1
OS9970587396,RN,Instalacao,3
OS6640005284,PR,Telefonia,3
OS7351467867,TO,Manutencao,5
OS0839435619,SP,Manutencao,3
OS8671524523,RJ,Informatica,5
OS3623655107,MT,Manutencao,1
OS2881472083,MG,Instalacao,4
OS9561918311,RN,Informatica,7
OS3086393757,PR,Manutencao,3
OS2093815988,GO,Telefonia,4
OS3902995754,PI,Informatica,1
OS4864750520,PA,Informatica,3
OS4900675612,TO,Telefonia,2
OS8117286601,RO,Manutencao,4
OS3909398732,AM,Manutencao,3
OS4050246722,CE,Instalacao,0
OS1551232905,TO,Instalacao,5
OS4127772425,MS,Informatica,3
OS5799513654,RO,Instalacao,2
OS5683074333,MA,Informatica,4
OS0350690917,ES,Instalacao,0
OS4473660743,MS,Instalacao,7
OS6606323549,DF,Manutencao,4
OS1367455623,PI,Instalacao,3
OS0156732921,RJ,Manutencao,0
OS0538460954,RJ,Telefonia,3
OS8131726555,TO,Informatica,2
OS7239658918,RJ,Manutencao,3
OS2321469046,AL,Informatica,2
OS4386469835,SP,Telefonia,5
OS2307083433,RN,Manutencao,7
OS2024732508,RS,Informatica,0
OS7448001515,PB,Telefonia,3
OS0323109258,RN,Instalacao,3
OS7591229544,GO,Informatica,2
OS8510754296,ES,Instalacao,0
OS6423321104,SC,Telefonia,1
OS7486108052,PE,Manutencao,5
OS9231235231,RR,Manutencao,0
OS6310455784,MS,Telefonia,5
OS6398547130,SE,Informatica,1
OS6847558498,SC,Manutencao,4
OS0402420073,SC,Instalacao,7
OS0412082901,MA,Informatica,1
OS3994617754,PA,Instalacao,3
OS0910047740,SP,Telefonia,1
OS1614855963,SC,Instalacao,5
OS9876943961,RR,Instalacao,3
OS7579658219,SP,Informatica,1
OS8069159698,ES,Manutencao,3
OS1152205885,MA,Informatica,5
OS0094609299,MG,Instalacao,1
OS8068884503,PI,Instalacao,1
OS4260953166,CE,Informatica,2
OS4079614350,TO,Instalacao,6
OS6241277159,PI,Instalacao,5
OS9571737895,RN,Manutencao,9
OS6541213048,CE,Informatica,3
OS5732834131,RR,Informatica,5
OS4672542395,MA,Informatica,3
OS7018522385,ES,Telefonia,6
OS6851438395,BA,Manutencao,5
OS3983938321,RR,Manutencao,7
OS7140331055,DF,Manutencao,6
OS7833013594,CE,Telefonia,1
OS4908798140,MG,Informatica,1
OS0030175342,GO,Informatica,4
OS1957045496,PE,Telefonia,2
OS2425163688,AC,Telefonia,2
OS2189340164,RS,Instalacao,1
OS6129541722,PR,Informatica,2
OS4142925710,RO,Instalacao,2
OS0614189591,AC,Manutencao,0
OS2007478606,SP,Manutencao,1
OS2630476239,MA,Manutencao,1
OS4252930655,PR,Instalacao,2
OS2684061985,AC,Instalacao,0
OS7990863197,PR,Instalacao,3
OS2221597417,AP,Informatica,3
OS0904637619,PI,Manutencao,5
OS3403603720,MG,Instalacao,0
OS6396653813,AP,Manutencao,0
OS9512609786,SE,Telefonia,2
OS2032384689,CE,Manutencao,3
OS5515415586,PI,Instalacao,4
OS8073828541,RO,Telefonia,4
OS4701689327,SE,Instalacao,6
OS6660432520,BA,Manutencao,4
OS7539838112,SP,Instalacao,1
OS1563442282,RJ,Telefonia,5
OS4406840916,PI,Instalacao,5
OS6493543282,SP,Informatica,3
OS6839190990,AM,Instalacao,3
OS7531315468,BA,Instalacao,3
OS6470726633,GO,Informatica,1
OS3013670727,PA,Manutencao,0
OS5920283932,RJ,Telefonia,2
OS3123487350,MA,Informatica,1
OS9938627753,MA,Manutencao,2
OS3895096772,PE,Instalacao,3
OS5781351263,DF,Manutencao,5
OS5121691972,RN,Instalacao,0
OS9849089621,SE,Manutencao,6
OS9847385598,DF,Informatica,1
OS9656712811,TO,Instalacao,0
OS8593803197,SP,Informatica,2
OS4625605788,RN,Instalacao,3
OS8125391293,MG,Manutencao,3
OS5522858373,PI,Telefonia,0
OS4451969054,ES,Telefonia,0
OS7284325513,AL,Informatica,1
OS4283591037,MS,Telefonia,6
OS2435911210,MT,Telefonia,2
OS9361530882,PB,Telefonia,0
OS3097969811,GO,Informatica,3
OS7540451559,GO,Instalacao,5
OS0430353870,SE,Instalacao,7
OS7540364920,AP,Telefonia,1
OS2025818978,AL,Manutencao,3
OS8643018799,PA,Manutencao,0
OS4805729027,RR,Manutencao,4
OS2906426927,MA,Informatica,3
OS7769322641,RS,Instalacao,4
OS0752571293,PI,Telefonia,2
OS2816508742,GO,Manutencao,7
OS3626927230,AM,Manutencao,1
OS0785267318,SE,Instalacao,1
OS9563265763,DF,Instalacao,4
OS8811950348,SE,Telefonia,4
OS7779494243,AP,Instalacao,3
OS3345975555,AM,Instalacao,2
OS8196213650,GO,Instalacao,4
OS1811197518,BA,Manutencao,6
OS4306642982,PA,Instalacao,2
OS3337158974,PA,Manutencao,2
OS9864378612,RJ,Telefonia,5
OS5655879344,AM,Manutencao,0
OS4059587227,MT,Instalacao,2
OS6198137282,DF,Telefonia,0
OS0509775715,RR,Informatica,8
OS9931469792,AC,Telefonia,6
OS8073415581,GO,Telefonia,1
OS0415990336,BA,Manutencao,3
OS2440248371,MG,Informatica,3
OS0979169589,SE,Manutencao,3
OS5073094215,ES,Informatica,1
OS4619935470,RO,Telefonia,3
OS6505532153,ES,Instalacao,1
OS1895640858,MT,Instalacao,1
OS5893366893,SP,Informatica,5
OS9829944784,MG,Informatica,7
OS5684491045,MT,Manutencao,0
OS9182986332,SE,Informatica,1
OS2785885555,PR,Informatica,7
OS3634076502,MT,Telefonia,4
OS2904871581,GO,Manutencao,1
OS4090142808,RO,Telefonia,1
OS8875365975,TO,Informatica,6
OS8968468931,MS,Instalacao,0
OS1884996496,SC,Informatica,6
OS8084937257,RR,Telefonia,1
OS5661094103,AM,Manutencao,3
OS8563975781,PB,Manutencao,3
OS1624384046,ES,Instalacao,0
OS7086541544,PI,Manutencao,0
OS2730658762,SC,Informatica,0
OS7839181372,SP,Informatica,3
OS7850060120,MA,Manutencao,2
OS1009318787,AL,Manutencao,3
OS0879552861,AL,Telefonia,2
OS0552771517,PR,Manutencao,5
OS4437883718,MS,Manutencao,3
OS4157555899,SE,Informatica,2
OS7622426017,PA,Informatica,5
OS1370569740,MT,Informatica,5
OS6131326500,PI,Manutencao,5
OS4088010530,RR,Manutencao,2
OS2276080863,RJ,Instalacao,2
OS2520416347,PR,Manutencao,6
OS6958326366,MG,Instalacao,3
OS0296535774,RN,Manutencao,2
OS5333249300,AM,Manutencao,0
OS5260129726,PB,Manutencao,4
OS5612355158,MS,Instalacao,1
OS1207794590,ES,Informatica,5
OS5741339367,SE,Telefonia,3
OS6445336817,SE,Telefonia,9
OS8697481846,SE,Manutencao,3
OS9107297233,DF,Telefonia,4
OS9148386997,BA,Telefonia,7
OS4361851913,MA,Manutencao,1
OS0025156241,AP,Telefonia,8
OS4113370661,RN,Telefonia,1
OS2416872950,AC,Informatica,1
OS4702889587,RS,Instalacao,1
OS8158069964,MT,Instalacao,1
OS0440874615,MS,Manutencao,0
OS7872214987,TO,Telefonia,3
OS1574161919,RO,Instalacao,2
OS0840401072,AL,Manutencao,2
OS6366316258,ES,Telefonia,1
OS9273049240,PI,Instalacao,2
OS7273649542,ES,Manutencao,6
OS0221015142,MT,Manutencao,4
OS6552849140,TO,Informatica,2
OS7078677996,MG,Informatica,8
OS0439933194,PA,Telefonia,6
OS6540408255,SP,Telefonia,0
OS9077182341,RJ,Manutencao,9
OS6154007283,AL,Telefonia,1
OS8284267137,PA,Telefonia,4
OS4920056138,RO,Informatica,1
OS0037071440,CE,Instalacao,5
OS8719473569,CE,Manutencao,3
OS3424495490,CE,Instalacao,0
OS2670395312,PE,Manutencao,1
OS6760794751,AP,Instalacao,8
OS5408156814,BA,Instalacao,1
OS3669779057,PI,Telefonia,8
OS4623565328,PA,Telefonia,2
OS9332920347,RN,Instalacao,1
OS3137252861,RJ,Instalacao,1
OS3551260637,RR,Instalacao,3
OS9706976139,RO,Informatica,5
OS7452609374,ES,Informatica,3
OS9475785366,AP,Telefonia,5
OS7299239237,MT,Telefonia,9
OS8101376789,ES,Instalacao,7
OS2932291460,MA,Instalacao,6
OS9132610089,AL,Informatica,5
OS6609412443,MG,Informatica,2
OS4713142505,SC,Telefonia,5
OS1735289592,DF,Informatica,2
OS0906886611,ES,Informatica,2
OS0522545762,PB,Telefonia,2
OS1945852149,PE,Informatica,6
OS5176696274,RN,Instalacao,3
OS7872830020,RJ,Telefonia,3
OS5349011492,BA,Telefonia,6
OS6113389777,CE,Telefonia,1
OS0546290020,TO,Informatica,0
OS3516891538,SC,Informatica,2
OS7102706744,GO,Telefonia,2
OS3150468101,PA,Manutencao,4
OS9143376025,RO,Instalacao,2
OS2859427071,RO,Telefonia,4
OS6371002790,SE,Manutencao,4
OS6124880163,AM,Telefonia,2
OS4567026577,AC,Manutencao,3
OS8636316091,SE,Informatica,0
OS7161731931,MG,Instalacao,3
OS3951481841,ES,Informatica,4
OS5058098476,MS,Telefonia,4
OS3076322163,TO,Informatica,3
OS7544704314,CE,Informatica,5
OS3349119122,PA,Manutencao,2
OS9641416384,PI,Manutencao,2
OS5440546050,AL,Telefonia,5
OS3894301262,RN,Telefonia,1
OS6070119848,RS,Manutencao,1
OS5528457438,AP,Informatica,5
OS1532869915,SC,Telefonia,7
OS6358145000,ES,Manutencao,0
OS6852513084,SE,Instalacao,3
OS7964153785,AM,Telefonia,5
OS5029381355,AM,Instalacao,2
OS6941382395,PE,Telefonia,1
OS1758543537,PE,Manutencao,3
OS3286065141,MA,Manutencao,2
OS8099687933,PR,Informatica,2
OS4606003976,AM,Informatica,2
OS8642940535,ES,Instalacao,1
OS4496946019,MG,Instalacao,3
OS0630617425,AM,Informatica,2
OS4054430132,MS,Telefonia,3
OS2801187602,CE,Manutencao,0
OS8822438863,PE,Instalacao,1
OS5728111603,CE,Telefonia,2
OS0230848133,BA,Instalacao,2
OS2727937436,PE,Telefonia,0
OS3603072950,SE,Instalacao,2
OS0335491396,SP,Manutencao,5
OS4549925116,SE,Instalacao,7
OS4245406551,SC,Informatica,1
OS0828116162,CE,Telefonia,1
OS4356205913,SE,Manutencao,1
OS1343426302,PE,Telefonia,4
OS6273581919,SC,Telefonia,2
OS1554929017,PR,Informatica,3
OS4466455168,RS,Instalacao,3
OS4122353061,AL,Telefonia,2
OS2180959603,CE,Manutencao,2
OS4957026210,RR,Instalacao,6
OS7110730191,AM,Informatica,7
OS7784159759,PA,Informatica,1
OS7381537625,AL,Telefonia,5
OS8078193349,AL,Telefonia,4
OS0366592160,PR,Manutencao,2
OS2512556864,GO,Informatica,1
OS7740968637,SC,Informatica,3
OS7552932576,AL,Instalacao,2
OS4523126499,SE,Informatica,3
OS1239823986,RS,Informatica,4
OS2268525597,PI,Informatica,1
OS1790157336,SC,Telefonia,2
OS3322245461,MT,Informatica,5
OS5581992105,CE,Informatica,8
OS4589867312,DF,Informatica,3
OS1189605898,AC,Informatica,4
OS4799316431,AC,Instalacao,7
OS2113863442,PB,Telefonia,0
OS9532943949,DF,Manutencao,5
OS8821497700,PA,Informatica,1
OS6603754175,DF,Manutencao,3
OS4051472284,SP,Instalacao,4
OS0591683988,PB,Informatica,0
OS5667854394,PA,Telefonia,1
OS3564375089,MA,Instalacao,1
OS7306241613,MG,Instalacao,3
OS1359937762,PE,Telefonia,3
OS0852395276,CE,Informatica,3
OS6498686430,MG,Manutencao,8
OS8034774919,PI,Manutencao,1
OS1343907058,MG,Telefonia,4
OS1265646940,TO,Informatica,4
OS9754176638,TO,Telefonia,3
OS5035104405,BA,Manutencao,4
OS4229114110,PR,Manutencao,1
OS3266609443,SE,Manutencao,1
OS1037655297,GO,Manutencao,2
OS9657169383,PR,Telefonia,0
OS5824229260,AP,Telefonia,1
OS3726301391,SE,Informatica,2
OS7413280381,MS,Instalacao,4
OS6798115855,MG,Instalacao,0
OS3921341594,SP,Telefonia,6
OS6636522063,PB,Telefonia,3
OS5398700676,RO,Manutencao,6
OS8248666681,RR,Informatica,9
OS1005871303,PA,Informatica,7
OS0632301776,PR,Telefonia,1
OS7304872407,SE,Manutencao,2
OS3126048409,DF,Instalacao,4
OS2008350874,GO,Telefonia,1
OS7520865265,RN,Manutencao,4
OS0652775953,MS,Manutencao,3
OS9992351972,RJ,Informatica,5
OS4788428865,PR,Manutencao,1
OS8849421577,AM,Instalacao,2
OS9810976239,DF,Manutencao,2
OS2659529037,PR,Instalacao,2
OS2799748271,SE,Instalacao,2
OS7189544436,PI,Informatica,5
OS0307332551,PE,Manutencao,2
OS8167493971,MT,Manutencao,0
OS6500733371,GO,Informatica,4
OS2319521163,MG,Manutencao,5
OS9128993327,PB,Telefonia,0
OS9847461486,AP,Telefonia,1
OS9190383580,SE,Instalacao,4
OS9747496202,CE,Telefonia,5
OS9931168772,SC,Instalacao,1
OS7672038869,DF,Manutencao,3
OS7021706791,MA,Instalacao,4
OS7279516935,PE,Informatica,0
OS0943281120,AL,Instalacao,1
OS4963486735,PI,Informatica,3
OS8043975618,SE,Telefonia,3
OS4296110563,SE,Telefonia,1
OS3236539976,CE,Telefonia,4
OS8254457949,BA,Manutencao,2
OS8021343954,PE,Telefonia,4
OS5059383484,SE,Manutencao,1
OS0776262903,RO,Informatica,4
OS5040135529,MT,Instalacao,4
OS2946430873,MA,Telefonia,5
OS4239615270,CE,Instalacao,3
OS3979554886,MA,Manutencao,1
OS4777816635,MA,Informatica,3
OS4431397801,TO,Instalacao,1
OS5866439031,BA,Manutencao,6
OS3743549756,RN,Telefonia,12
OS0165433841,SP,Instalacao,4
OS9666319054,RR,Manutencao,2
OS2294444782,RS,Manutencao,4
OS4037337001,TO,Telefonia,4
OS1804024302,AM,Informatica,3
OS7107732158,RR,Telefonia,1
OS1203696019,PR,Informatica,4
OS2894022546,AC,Informatica,3
OS0852995361,DF,Informatica,0
OS5237536676,AP,Telefonia,0
OS1070007331,RN,Manutencao,3
OS1535676866,PR,Instalacao,4
OS1621466989,SP,Telefonia,4
OS4935360151,PA,Informatica,2
OS8923335457,TO,Manutencao,4
OS8277091945,RR,Instalacao,6
OS3571151357,AM,Instalacao,5
OS5280643380,RR,Instalacao,5
OS2798112989,AC,Instalacao,4
OS4997214116,AP,Telefonia,1
OS2874456460,PR,Instalacao,0
OS2217757130,RS,Informatica,2
OS3192957771,PB,Telefonia,0
OS0128301804,AP,Instalacao,6
OS4851760394,BA,Informatica,3
OS8941998425,CE,Informatica,3
OS7551320433,PI,Manutencao,1
OS3798744361,PE,Informatica,2
OS4348572721,TO,Informatica,2
OS2390486817,PE,Manutencao,1
OS0623926425,MG,Manutencao,6
OS2100343928,DF,Instalacao,1
OS7966565232,SP,Instalacao,3
OS0026261410,SE,Informatica,4
OS3400444525,PA,Informatica,4
OS9501836201,PR,Telefonia,0
OS8323495876,SP,Telefonia,7
OS1440170359,BA,Telefonia,1
OS8183933383,PB,Telefonia,0
OS4391113522,PE,Telefonia,1
OS0239790805,ES,Instalacao,2
OS5821873197,PI,Informatica,7
OS7789972889,MT,Informatica,1
OS4826667556,RS,Telefonia,4
OS9520724082,PE,Informatica,4
OS8949505517,MS,Informatica,4
OS7348639243,RR,Telefonia,2
OS4680188392,PA,Telefonia,2
OS2068559693,AL,Telefonia,5
OS0980586247,RR,Instalacao,0
OS1868210459,SC,Informatica,2
OS3191515995,RS,Instalacao,3
OS3191025645,SP,Instalacao,2
OS7007444832,MG,Manutencao,5
OS2706504650,SE,Telefonia,1
OS9616392712,PA,Informatica,5
OS9292733987,PE,Manutencao,0
OS5620739179,ES,Instalacao,0
OS5593470861,SE,Informatica,1
OS3848036101,SP,Informatica,6
OS8059036758,PE,Informatica,1
OS4810946926,RO,Informatica,6
OS1936804509,MA,Instalacao,1
OS3944099912,SC,Instalacao,1
OS6349089039,MS,Telefonia,3
OS2800768550,GO,Instalacao,4
OS6626103192,SP,Instalacao,2
OS2188614104,SE,Informatica,1
OS7751450578,RR,Telefonia,1
OS2550289939,RJ,Informatica,0
OS2781164805,AC,Informatica,4
OS0230688287,MA,Informatica,2
OS4623982890,PR,Instalacao,1
OS3750087722,SE,Manutencao,2
OS7440999172,SE,Telefonia,5
OS2012207680,AL,Manutencao,6
OS3484136389,MA,Informatica,6
OS1821582149,MS,Informatica,2
OS1397150888,ES,Telefonia,3
OS5119203895,BA,Manutencao,1
OS8333458309,PI,Telefonia,5
OS9145897942,ES,Manutencao,4
OS0819214992,SE,Instalacao,0
OS2638120495,PE,Instalacao,1
OS3082210208,SC,Informatica,2
OS4810733199,RS,Telefonia,8
OS1576487903,AP,Telefonia,0
OS6247290514,RS,Informatica,0
OS0649551977,RO,Manutencao,1
OS1014845454,AP,Telefonia,8
OS2854674286,GO,Manutencao,2
OS4000712859,TO,Manutencao,2
OS2547316494,RO,Telefonia,2
OS9579185895,AP,Instalacao,0
OS1533132270,PI,Manutencao,1
OS5453583814,AM,Informatica,7
OS5632419971,MT,Manutencao,3
OS0958894168,RO,Informatica,8
OS7251130713,MS,Manutencao,2
OS6996145518,CE,Manutencao,3
OS2049161645,MS,Informatica,2
OS4845025924,RJ,Instalacao,3
OS7640304467,CE,Informatica,2
OS0181426827,PA,Instalacao,1
OS3390400323,BA,Informatica,6
OS1371904701,RS,Telefonia,8
OS9244308017,RN,Informatica,1
OS8588091549,SE,Instalacao,5
OS3035158738,PA,Instalacao,3
OS8110990283,RJ,Manutencao,0
OS7217124225,BA,Instalacao,5
OS1461038505,AL,Instalacao,0
OS8968996022,GO,Informatica,3
OS0095467985,MG,Manutencao,1
OS2292883700,PA,Manutencao,0
OS2028800870,AP,Manutencao,6
OS3819091381,MS,Informatica,3
OS9330612703,MG,Informatica,4
OS2741482659,PA,Informatica,6
OS7954159593,RR,Instalacao,7
OS4185835976,MS,Informatica,3
OS0619793995,MS,Instalacao,1
OS0284546257,TO,Telefonia,2
OS9832799098,CE,Manutencao,2
OS4709674031,PA,Informatica,1
OS8945370929,SP,Telefonia,1
OS2573801170,PE,Informatica,2
OS2913799626,PI,Telefonia,5
OS5694923831,RN,Informatica,1
OS7215639721,SC,Informatica,1
OS0298346837,AL,Telefonia,5
OS3926282069,PR,Manutencao,2
OS5568640122,DF,Instalacao,2
OS5367604254,AP,Informatica,0
OS4772201736,MS,Telefonia,2
OS2961943714,RS,Informatica,4
OS8413136411,MG,Telefonia,1
OS5585684798,AM,Informatica,0
OS0476875622,RJ,Telefonia,1
OS5643997563,PI,Informatica,6
OS7067150595,RS,Instalacao,0
OS2666555312,MG,Informatica,5
OS7412748085,MT,Manutencao,1
OS2630302951,AM,Informatica,7
OS1951050853,AM,Manutencao,6
OS0351764222,SE,Telefonia,1
OS6252199239,PI,Instalacao,2
OS9718228571,TO,Telefonia,4
OS9866766570,AC,Instalacao,2
OS6213855203,MA,Manutencao,3
OS0701576801,TO,Instalacao,3
OS5730672180,AC,Instalacao,2
OS3988054743,AP,Informatica,7
OS7439652159,PB,Telefonia,4
OS4461452241,ES,Informatica,2
OS5519242349,BA,Informatica,6
OS9585029533,TO,Telefonia,2
OS5020822155,RS,Manutencao,1
OS3010936233,BA,Instalacao,1
OS3836053486,RS,Telefonia,2
OS9977291391,RR,Telefonia,2
OS5432106533,RJ,Informatica,4
OS7560208123,MS,Instalacao,1
OS7160636807,GO,Informatica,4
OS6424262842,DF,Manutencao,2
OS6351016777,BA,Instalacao,2
OS3462362097,GO,Manutencao,1
OS2310911277,AP,Manutencao,7
OS2257761510,RR,Manutencao,6
OS2901663643,RS,Telefonia,2
OS1333179653,SP,Telefonia,1
OS8317266012,PA,Manutencao,3
OS5404647905,AP,Instalacao,2
OS7802435131,SC,Telefonia,2
OS2970781306,PE,Telefonia,2
OS9408771733,TO,Telefonia,0
OS2229695517,PA,Informatica,9
